{"cameraMode":{"drawMode":0,"name":"Shaded","section":"Shading Mode"},"sceneLighting":true,"audioPlay":false,"sceneViewState":{"showFog":true,"showMaterialUpdate":true,"showSkybox":true,"showFlares":true,"showImageEffects":true,"showParticleSystems":true},"in2DMode":false,"pivot":{"x":42.142822265625,"y":-4.873712539672852,"z":82.13507843017578},"rotation":{"x":0.12565603852272035,"y":0.014296329580247403,"z":-0.0018109617521986366,"w":0.9919692277908325},"size":32.77653121948242,"orthographic":false}