{"cameraMode":{"drawMode":0,"name":"Shaded","section":"Shading Mode"},"sceneLighting":true,"audioPlay":false,"sceneViewState":{"showFog":true,"showMaterialUpdate":false,"showSkybox":true,"showFlares":true,"showImageEffects":true,"showParticleSystems":true},"in2DMode":false,"pivot":{"x":42.48235321044922,"y":1.2638967037200928,"z":56.48194885253906},"rotation":{"x":0.24022558331489564,"y":-0.11960937082767487,"z":0.02984149008989334,"w":0.9628576040267944},"size":4.041658401489258,"orthographic":false}