{"cameraMode":{"drawMode":0,"name":"Shaded","section":"Shading Mode"},"sceneLighting":false,"audioPlay":false,"sceneViewState":{"showFog":true,"showMaterialUpdate":false,"showSkybox":true,"showFlares":true,"showImageEffects":true,"showParticleSystems":true},"in2DMode":false,"pivot":{"x":46.86046600341797,"y":3.1479082107543947,"z":55.113338470458987},"rotation":{"x":0.052109621465206149,"y":0.5292599201202393,"z":-0.03259115666151047,"w":0.846230685710907},"size":4.041658401489258,"orthographic":false}