{"cameraMode":{"drawMode":0,"name":"Shaded","section":"Shading Mode"},"sceneLighting":true,"audioPlay":false,"sceneViewState":{"showFog":true,"showMaterialUpdate":false,"showSkybox":true,"showFlares":true,"showImageEffects":true,"showParticleSystems":true},"in2DMode":false,"pivot":{"x":316.9569091796875,"y":73.95460510253906,"z":335.9588317871094},"rotation":{"x":0.24599121510982514,"y":0.6261795163154602,"z":-0.21785372495651246,"w":0.707055389881134},"size":7.784816265106201,"orthographic":false}